player,team,position,practice_wed,practice_thu,practice_fri,practice_sat,trend,injury,game_status,full_participation_final
Aaron Banks,GB,G,DNP,,,,DNP_SINGLE,,,False
Aaron Jones,MIN,RB,LIMITED,,,,LIMITED_SINGLE,,,False
Adonai Mitchell,NYJ,WR,DNP,,,,DNP_SINGLE,,,False
Akeem Davis-Gaither,IND,LB,DNP,,,,DNP_SINGLE,,,False
Alijah Clark,DAL,S,FULL,,,,FULL_SINGLE,,,True
Alvin Kamara,NO,RB,DNP,,,,DNP_SINGLE,,,False
Amani Hooker,TEN,S,DNP,,,,DNP_SINGLE,,,False
Andrew Thomas,NYG,T,DNP,,,,DNP_SINGLE,,,False
Andrew Vorhees,BAL,G,DNP,,,,DNP_SINGLE,,,False
Anfernee Jennings,NO,LB,DNP,,,,DNP_SINGLE,,,False
Anthony Belton,GB,T,LIMITED,,,,LIMITED_SINGLE,,,False
Anthony Campbell,GB,DT,LIMITED,,,,LIMITED_SINGLE,,,False
Anthony Nelson,TB,LB,LIMITED,,,,LIMITED_SINGLE,,,False
Antoine Winfield Jr.,TB,S,DNP,,,,DNP_SINGLE,Rib,Out,False
Anton Harrison,JAX,T,LIMITED,,,,LIMITED_SINGLE,,,False
Arden Key,IND,DE,DNP,,,,DNP_SINGLE,,,False
Ashton Dulin,IND,WR,DNP,,,,DNP_SINGLE,,,False
Austin Jackson,MIA,T,LIMITED,,,,LIMITED_SINGLE,,,False
Azeez Al-Shaair,HOU,LB,LIMITED,,,,LIMITED_SINGLE,,,False
B.J. Hill,CIN,DT,FULL,,,,FULL_SINGLE,,,True
Baker Mayfield,TB,QB,DNP,,,,DNP_SINGLE,Thumb,Out,False
Barion Brown,NO,WR,DNP,,,,DNP_SINGLE,,,False
Barrett Carter,CIN,LB,LIMITED,,,,LIMITED_SINGLE,,,False
Ben Bartch,DET,G,DNP,,,,DNP_SINGLE,,,False
Ben Sinnott,WAS,TE,LIMITED,,,,LIMITED_SINGLE,,,False
Ben Yurosek,MIN,TE,FULL,,,,FULL_SINGLE,,,True
Benjamin Morrison,TB,CB,DNP,,,,DNP_SINGLE,Quadricep,Out,False
Braden Smith,HOU,T,LIMITED,,,,LIMITED_SINGLE,,,False
Brandon Cisse,GB,CB,FULL,,,,FULL_SINGLE,,,True
Breece Hall,NYJ,RB,DNP,,,,DNP_SINGLE,,,False
Brenden Schooler,NE,S,FULL,,,,FULL_SINGLE,,,True
Brett Thorson,MIN,P,FULL,,,,FULL_SINGLE,,,True
Brian Branch,DET,S,LIMITED,,,,LIMITED_SINGLE,,,False
Brian O'Neill,MIN,T,LIMITED,,,,LIMITED_SINGLE,,,False
Bryan Cook,CIN,S,DNP,,,,DNP_SINGLE,,,False
Bryan Hudson,NYG,C,FULL,,,,FULL_SINGLE,,,True
Cade Mays,DET,C,LIMITED,,,,LIMITED_SINGLE,,,False
Calais Campbell,BAL,DT,DNP,,,,DNP_SINGLE,,,False
Caleb Douglas,MIA,WR,DNP,,,,DNP_SINGLE,,,False
Caleb Williams,CHI,QB,DNP,,,,DNP_SINGLE,,,False
Cam Lewis,CHI,S,FULL,,,,FULL_SINGLE,,,True
Cam Skattebo,NYG,RB,LIMITED,,,,LIMITED_SINGLE,,,False
Cameron Heyward,PIT,DT,DNP,,,,DNP_SINGLE,,,False
Cameron Thomas,ATL,DE,LIMITED,,,,LIMITED_SINGLE,,,False
Carl Granderson,NO,LB,LIMITED,,,,LIMITED_SINGLE,,,False
Carlton Davis III,NE,CB,DNP,,,,DNP_SINGLE,,,False
CeeDee Lamb,DAL,WR,FULL,,,,FULL_SINGLE,,,True
Channing Canada,NE,CB,LIMITED,,,,LIMITED_SINGLE,,,False
Charles Demmings,MIN,CB,DNP,,,,DNP_SINGLE,,,False
Charles Omenihu,WAS,DE,DNP,,,,DNP_SINGLE,,,False
Charles Woods,NE,CB,LIMITED,,,,LIMITED_SINGLE,,,False
Charvarius Ward,IND,CB,LIMITED,,,,LIMITED_SINGLE,,,False
Chase McLaughlin,TB,K,FULL,,,,FULL_SINGLE,,,True
Chauncey Golston,NYG,DE,DNP,,,,DNP_SINGLE,,,False
Chig Okonkwo,WAS,TE,LIMITED,,,,LIMITED_SINGLE,,,False
Chris Bell,MIA,WR,LIMITED,,,,LIMITED_SINGLE,,,False
Chris Brooks,GB,RB,DNP,,,,DNP_SINGLE,,,False
Chris Manhertz,NYG,TE,LIMITED,,,,LIMITED_SINGLE,,,False
Chris Moore,BAL,WR,LIMITED,,,,LIMITED_SINGLE,,,False
Chris Olave,NO,WR,DNP,,,,DNP_SINGLE,,,False
Christian Barmore,NE,DT,LIMITED,,,,LIMITED_SINGLE,,,False
Christian Darrisaw,MIN,T,DNP,,,,DNP_SINGLE,,,False
Christian Elliss,NE,LB,LIMITED,,,,LIMITED_SINGLE,,,False
Christian Gonzalez,NE,CB,DNP,,,,DNP_SINGLE,,,False
Cobie Durant,DAL,CB,DNP,,,,DNP_SINGLE,Hamstring,Out,False
Colbie Young,CIN,WR,LIMITED,,,,LIMITED_SINGLE,,,False
Cole Van Lanen,JAX,T,LIMITED,,,,LIMITED_SINGLE,,,False
Craig Woodson,NE,S,LIMITED,,,,LIMITED_SINGLE,,,False
D'Andre Swift,CHI,RB,DNP,,,,DNP_SINGLE,,,False
D.J. Wonnum,DET,DE,LIMITED,,,,LIMITED_SINGLE,,,False
DaVon Hamilton,JAX,DT,LIMITED,,,,LIMITED_SINGLE,,,False
Dalton Risner,CIN,G,LIMITED,,,,LIMITED_SINGLE,,,False
Dante Trader Jr.,MIA,S,LIMITED,,,,LIMITED_SINGLE,,,False
Darnell Wright,CHI,T,DNP,,,,DNP_SINGLE,,,False
David Martin-Robinson,TEN,TE,FULL,,,,FULL_SINGLE,,,True
Davon Godchaux,NO,DT,FULL,,,,FULL_SINGLE,,,True
DeMarvion Overshown,DAL,LB,DNP,,,,DNP_SINGLE,Hamstring,Out,False
Deatrich Wise,WAS,DE,LIMITED,,,,LIMITED_SINGLE,,,False
Deonte Banks,NYG,CB,FULL,,,,FULL_SINGLE,,,True
Derek Barnett,CLE,DE,DNP,,,,DNP_SINGLE,,,False
Devonte Wyatt,GB,DT,LIMITED,,,,LIMITED_SINGLE,,,False
Dexter Lawrence,CIN,DT,LIMITED,,,,LIMITED_SINGLE,,,False
Dillon Gabriel,CLE,QB,FULL,,,,FULL_SINGLE,,,True
Drake Maye,NE,QB,FULL,,,,FULL_SINGLE,,,True
Dre'Mont Jones,NE,LB,LIMITED,,,,LIMITED_SINGLE,,,False
Drew Shelton,DAL,T,DNP,,,,DNP_SINGLE,Hamstring,Out,False
Durham Smythe,BAL,TE,DNP,,,,DNP_SINGLE,,,False
Dylan Parham,NYJ,G,DNP,,,,DNP_SINGLE,,,False
Elgton Jenkins,CLE,C,FULL,,,,FULL_SINGLE,,,True
Eric Murray,JAX,S,DNP,,,,DNP_SINGLE,,,False
Fabian Moreau,WAS,CB,FULL,,,,FULL_SINGLE,,,True
Francisco Mauigoa,NYJ,LB,DNP,,,,DNP_SINGLE,,,False
Frankie Luvu,WAS,LB,LIMITED,,,,LIMITED_SINGLE,,,False
Grady Jarrett,CHI,DT,DNP,,,,DNP_SINGLE,,,False
Grant Delpit,CLE,S,LIMITED,,,,LIMITED_SINGLE,,,False
Isaiah Likely,NYG,TE,LIMITED,,,,LIMITED_SINGLE,,,False
Ja'Marr Chase,CIN,WR,DNP,,,,DNP_SINGLE,,,False
Jackson Woodard,MIA,LB,DNP,,,,DNP_SINGLE,,,False
Jacob Monk,GB,C,DNP,,,,DNP_SINGLE,,,False
Jacory Croskey-Merritt,WAS,RB,LIMITED,,,,LIMITED_SINGLE,,,False
Jadeveon Clowney,HOU,DE,LIMITED,,,,LIMITED_SINGLE,,,False
Jager Burton,GB,C,DNP,,,,DNP_SINGLE,,,False
Jake Matthews,ATL,T,DNP,,,,DNP_SINGLE,,,False
Jakobi Meyers,JAX,WR,FULL,,,,FULL_SINGLE,,,True
Jalen Ramsey,PIT,CB,DNP,,,,DNP_SINGLE,,,False
Jamal Hill,HOU,LB,DNP,,,,DNP_SINGLE,,,False
Jamel Dean,PIT,CB,DNP,,,,DNP_SINGLE,,,False
James Houston,DAL,LB,FULL,,,,FULL_SINGLE,,,True
Jarrian Jones,JAX,CB,LIMITED,,,,LIMITED_SINGLE,,,False
Jarvis Brownlee Jr.,NYJ,CB,DNP,,,,DNP_SINGLE,,,False
Jason Pinnock,NYG,S,DNP,,,,DNP_SINGLE,,,False
Javon Kinlaw,WAS,DT,FULL,,,,FULL_SINGLE,,,True
Jayden Daniels,WAS,QB,FULL,,,,FULL_SINGLE,,,True
Jaylan Ford,NO,LB,FULL,,,,FULL_SINGLE,,,True
Jaylon Carlies,IND,LB,DNP,,,,DNP_SINGLE,,,False
Jaylon Jones,JAX,CB,LIMITED,,,,LIMITED_SINGLE,,,False
Jeffery Simmons,TEN,DT,DNP,,,,DNP_SINGLE,,,False
Jeremy McNichols,WAS,RB,LIMITED,,,,LIMITED_SINGLE,,,False
Jeremy Reaves,WAS,S,FULL,,,,FULL_SINGLE,,,True
Joe Thuney,CHI,G,DNP,,,,DNP_SINGLE,,,False
Joey Porter Jr.,DAL,CB,FULL,,,,FULL_SINGLE,,,True
John Franklin-Myers,TEN,DE,DNP,,,,DNP_SINGLE,,,False
John Simpson,BAL,G,LIMITED,,,,LIMITED_SINGLE,,,False
Jonah Jackson,CHI,G,DNP,,,,DNP_SINGLE,,,False
Jonathan Allen,CIN,DT,DNP,,,,DNP_SINGLE,,,False
Jonathan Mingo,DAL,WR,DNP,,,,DNP_SINGLE,Illness,Questionable,False
Jonathan Taylor,IND,RB,LIMITED,,,,LIMITED_SINGLE,,,False
Jordan Addison,MIN,WR,DNP,,,,DNP_SINGLE,,,False
Jordan Battle,CIN,S,LIMITED,,,,LIMITED_SINGLE,,,False
Josh Hines-Allen,JAX,DE,LIMITED,,,,LIMITED_SINGLE,,,False
Joshua Williams,TEN,CB,FULL,,,,FULL_SINGLE,,,True
Josiah Trotter,TB,LB,FULL,,,,FULL_SINGLE,,,True
Jourdan Lewis,JAX,CB,LIMITED,,,,LIMITED_SINGLE,,,False
Julian Blackmon,NO,S,LIMITED,,,,LIMITED_SINGLE,,,False
Julius Brents,MIA,CB,LIMITED,,,,LIMITED_SINGLE,,,False
Justin Jefferson,MIN,WR,LIMITED,,,,LIMITED_SINGLE,,,False
Kaden Elliss,NO,LB,DNP,,,,DNP_SINGLE,,,False
Kalia Davis,CLE,DT,LIMITED,,,,LIMITED_SINGLE,,,False
Karon Prunty,NE,CB,DNP,,,,DNP_SINGLE,,,False
Kayden McDonald,HOU,DT,LIMITED,,,,LIMITED_SINGLE,,,False
Keenan Allen,IND,WR,LIMITED,,,,LIMITED_SINGLE,,,False
Kenneth Grant,MIA,DT,LIMITED,,,,LIMITED_SINGLE,,,False
Kevin Winston Jr.,TEN,S,LIMITED,,,,LIMITED_SINGLE,,,False
Keyshaun Elliott,CHI,LB,LIMITED,,,,LIMITED_SINGLE,,,False
Kingsley Enagbare,NYJ,DE,LIMITED,,,,LIMITED_SINGLE,,,False
Ko Kieft,TB,TE,FULL,,,,FULL_SINGLE,,,True
Kyle Dugger,CIN,S,DNP,,,,DNP_SINGLE,,,False
Kyle Hamilton,BAL,S,LIMITED,,,,LIMITED_SINGLE,,,False
Kyle Monangai,CHI,RB,DNP,,,,DNP_SINGLE,,,False
Kyler Gordon,CHI,CB,FULL,,,,FULL_SINGLE,,,True
Lamar Jackson,BAL,QB,DNP,,,,DNP_SINGLE,,,False
LeQuint Allen Jr.,JAX,RB,FULL,,,,FULL_SINGLE,,,True
Logan Hall,HOU,DE,LIMITED,,,,LIMITED_SINGLE,,,False
Lorenzo Styles Jr.,NO,CB,FULL,,,,FULL_SINGLE,,,True
Lukas Van Ness,GB,LB,LIMITED,,,,LIMITED_SINGLE,,,False
M.J. Stewart,HOU,S,FULL,,,,FULL_SINGLE,,,True
Mack Hollins,NE,WR,DNP,,,,DNP_SINGLE,,,False
Malik Hooker,DAL,S,FULL,,,,FULL_SINGLE,,,True
Malik Nabers,NYG,WR,DNP,,,,DNP_SINGLE,,,False
Marcus Harris,TEN,CB,DNP,,,,DNP_SINGLE,,,False
Marcus Mariota,WAS,QB,DNP,,,,DNP_SINGLE,,,False
Mark Andrews,BAL,TE,FULL,,,,FULL_SINGLE,,,True
Marlon Humphrey,BAL,CB,DNP,,,,DNP_SINGLE,,,False
Mason Graham,CLE,DT,DNP,,,,DNP_SINGLE,,,False
Mason Taylor,NYJ,TE,FULL,,,,FULL_SINGLE,,,True
Michael Jerrell,ATL,T,LIMITED,,,,LIMITED_SINGLE,,,False
Michael Jurgens,MIN,C,FULL,,,,FULL_SINGLE,,,True
Michael Pittman,PIT,WR,LIMITED,,,,LIMITED_SINGLE,,,False
Michael Reid,NO,S,LIMITED,,,,LIMITED_SINGLE,,,False
Mike Hall Jr.,CLE,DT,DNP,,,,DNP_SINGLE,,,False
Montaric Brown,JAX,CB,LIMITED,,,,LIMITED_SINGLE,,,False
Morgan Moses,NE,T,LIMITED,,,,LIMITED_SINGLE,,,False
Najee Harris,NYG,RB,DNP,,,,DNP_SINGLE,,,False
Nathan Thomas,HOU,T,LIMITED,,,,LIMITED_SINGLE,,,False
Nick Allegretti,WAS,G,LIMITED,,,,LIMITED_SINGLE,,,False
Nick Cross,WAS,S,FULL,,,,FULL_SINGLE,,,True
Nico Collins,HOU,WR,LIMITED,,,,LIMITED_SINGLE,,,False
Noah Fant,NO,TE,LIMITED,,,,LIMITED_SINGLE,,,False
Noah Sewell,CHI,LB,LIMITED,,,,LIMITED_SINGLE,,,False
Percy Butler,WAS,S,DNP,,,,DNP_SINGLE,,,False
Rachaad White,WAS,RB,LIMITED,,,,LIMITED_SINGLE,,,False
Rashod Bateman,BAL,WR,LIMITED,,,,LIMITED_SINGLE,,,False
Reese Taylor,MIA,CB,DNP,,,,DNP_SINGLE,,,False
Reggie Gilliam,NE,FB,LIMITED,,,,LIMITED_SINGLE,,,False
Rhamondre Stevenson,NE,RB,LIMITED,,,,LIMITED_SINGLE,,,False
Rico Dowdle,PIT,RB,LIMITED,,,,LIMITED_SINGLE,,,False
Rob Beal Jr.,MIA,DE,DNP,,,,DNP_SINGLE,,,False
Rock Ya-Sin,DET,CB,DNP,,,,DNP_SINGLE,,,False
Ronnie Stanley,BAL,T,,,,,NO_DATA,,,False
Rueben Bain Jr.,TB,LB,FULL,,,,FULL_SINGLE,,,True
Sam Cosmi,WAS,G,LIMITED,,,,LIMITED_SINGLE,,,False
Savion Williams,GB,WR,LIMITED,,,,LIMITED_SINGLE,,,False
Shemar Turner,CHI,DE,LIMITED,,,,LIMITED_SINGLE,,,False
SirVocea Dennis,TB,LB,DNP,,,,DNP_SINGLE,"Ankle, Foot",Out,False
Sonny Styles,WAS,LB,LIMITED,,,,LIMITED_SINGLE,,,False
Stefon Diggs,WAS,WR,DNP,,,,DNP_SINGLE,,,False
Storm Duck,MIA,CB,FULL,,,,FULL_SINGLE,,,True
Swayze Bozeman,CIN,LB,DNP,,,,DNP_SINGLE,,,False
Tank Dell,HOU,WR,LIMITED,,,,LIMITED_SINGLE,,,False
Tanor Bortolini,IND,C,DNP,,,,DNP_SINGLE,,,False
Tee Higgins,CIN,WR,DNP,,,,DNP_SINGLE,,,False
Terry McLaurin,WAS,WR,DNP,,,,DNP_SINGLE,,,False
Teven Jenkins,CLE,G,DNP,,,,DNP_SINGLE,,,False
Tim Patrick,NYJ,WR,FULL,,,,FULL_SINGLE,,,True
Tony Pollard,TEN,RB,DNP,,,,DNP_SINGLE,,,False
Trent Brown,HOU,T,DNP,,,,DNP_SINGLE,,,False
Trey Amos,WAS,CB,LIMITED,,,,LIMITED_SINGLE,,,False
Trey Hendrickson,BAL,LB,DNP,,,,DNP_SINGLE,,,False
Treylon Burks,WAS,WR,FULL,,,,FULL_SINGLE,,,True
Tucker Addington,MIA,LS,LIMITED,,,,LIMITED_SINGLE,,,False
Tylan Wallace,CLE,WR,DNP,,,,DNP_SINGLE,,,False
Tyleik Williams,DET,DT,DNP,,,,DNP_SINGLE,,,False
Tyler Goodson,DAL,RB,FULL,,,,FULL_SINGLE,,,True
Tyler Owens,WAS,S,DNP,,,,DNP_SINGLE,,,False
Tyler Shough,NO,QB,LIMITED,,,,LIMITED_SINGLE,,,False
Tyler Smith,DAL,G,FULL,,,,FULL_SINGLE,Thumb,Questionable,True
Wade Woodaz,HOU,LB,FULL,,,,FULL_SINGLE,,,True
Will Anderson Jr.,HOU,DE,DNP,,,,DNP_SINGLE,,,False
Will Mallory,IND,TE,FULL,,,,FULL_SINGLE,,,True
Yasir Abdullah,ATL,LB,DNP,,,,DNP_SINGLE,,,False
Za'Darius Smith,ATL,DE,DNP,,,,DNP_SINGLE,,,False
Zay Flowers,BAL,WR,LIMITED,,,,LIMITED_SINGLE,,,False
